{"cameraMode":{"drawMode":0,"name":"Shaded","section":"Shading Mode"},"sceneLighting":false,"audioPlay":false,"sceneViewState":{"showFog":true,"showMaterialUpdate":false,"showSkybox":false,"showFlares":true,"showImageEffects":true,"showParticleSystems":true},"in2DMode":false,"pivot":{"x":-0.2800719141960144,"y":1.869377613067627,"z":-0.7545537948608398},"rotation":{"x":0.00009199275518767536,"y":0.9709489941596985,"z":-0.23946985602378846,"w":0.00028971731080673635},"size":3.0824198722839357,"orthographic":false}