{"cameraMode":{"drawMode":0,"name":"Shaded","section":"Shading Mode"},"sceneLighting":false,"audioPlay":false,"sceneViewState":{"showFog":true,"showMaterialUpdate":false,"showSkybox":false,"showFlares":true,"showImageEffects":true,"showParticleSystems":true},"in2DMode":false,"pivot":{"x":0.7258896827697754,"y":-3.3656997680664064,"z":2.008760452270508},"rotation":{"x":-0.07987473905086518,"y":0.8615418672561646,"z":-0.4805634915828705,"w":-0.14318804442882539},"size":5.657737731933594,"orthographic":false}