{"cameraMode":{"drawMode":0,"name":"Shaded","section":"Shading Mode"},"sceneLighting":true,"audioPlay":false,"sceneViewState":{"showFog":true,"showMaterialUpdate":false,"showSkybox":true,"showFlares":true,"showImageEffects":true,"showParticleSystems":true},"in2DMode":false,"pivot":{"x":-9.985381126403809,"y":17.046483993530275,"z":15.992003440856934},"rotation":{"x":0.03151926398277283,"y":-0.959504246711731,"z":0.2535088360309601,"w":0.11920042335987091},"size":1.0509815216064454,"orthographic":false}